{"type":"internal","split":{"numCategories":21,"isLeft":true,"featureIndex":43,"categories":[3.0,4.0,7.0,10.0,14.0,15.0,19.0],"type":"categorical"}}
{"type":"internal","split":{"numCategories":70,"isLeft":true,"featureIndex":42,"categories":[10.0,28.0,29.0,30.0,35.0,39.0,41.0,50.0,54.0,55.0,56.0,60.0,68.0],"type":"categorical"}}
{"type":"leaf","values":[-1.0]}
{"type":"leaf","values":[1.0]}
{"type":"internal","split":{"numCategories":70,"isLeft":true,"featureIndex":42,"categories":[2.0,6.0,9.0,18.0,19.0,20.0,24.0,26.0,31.0,34.0,47.0,52.0,63.0,64.0],"type":"categorical"}}
{"type":"internal","split":{"numCategories":3,"isLeft":true,"featureIndex":15,"categories":[0.0],"type":"categorical"}}
{"type":"leaf","values":[-1.0]}
{"type":"leaf","values":[-0.8]}
{"type":"internal","split":{"numCategories":22,"isLeft":true,"featureIndex":39,"categories":[0.0,5.0],"type":"categorical"}}
{"type":"leaf","values":[0.25]}
{"type":"leaf","values":[0.8260869565217391]}
