{
  "name": "vecAssembler_2994c05997f9",
  "shape": {
    "inputs": [{
      "port": "input0",
      "name": "internalamount"
    }, {
      "port": "input1",
      "name": "authhour"
    }, {
      "port": "input2",
      "name": "authday"
    }, {
      "port": "input3",
      "name": "rank"
    }, {
      "port": "input4",
      "name": "authdatesecondsdiff"
    }, {
      "port": "input5",
      "name": "threedthereindex"
    }, {
      "port": "input6",
      "name": "threedtherechangeindex"
    }, {
      "port": "input7",
      "name": "transactiontypeidindex"
    }, {
      "port": "input8",
      "name": "transactionoriginatoridindex"
    }, {
      "port": "input9",
      "name": "channelindex"
    }, {
      "port": "input10",
      "name": "channelsubtypeindex"
    }, {
      "port": "input11",
      "name": "initialrecurringindex"
    }, {
      "port": "input12",
      "name": "originalauthenticationindicatorindex"
    }, {
      "port": "input13",
      "name": "cardbrandindex"
    }, {
      "port": "input14",
      "name": "issuercountrycodeindex"
    }, {
      "port": "input15",
      "name": "issuertypeidindex"
    }, {
      "port": "input16",
      "name": "respcodepreviousindex"
    }, {
      "port": "input17",
      "name": "cv2resultpreviousindex"
    }, {
      "port": "input18",
      "name": "channelpreviousindex"
    }, {
      "port": "input19",
      "name": "channelsubtypepreviousindex"
    }, {
      "port": "input20",
      "name": "categorycodegrouppreviousindex"
    }, {
      "port": "input21",
      "name": "processoridpreviousindex"
    }, {
      "port": "input22",
      "name": "channelsubtypefirstindex"
    }, {
      "port": "input23",
      "name": "processoridfirstindex"
    }, {
      "port": "input24",
      "name": "avstherefirstindex"
    }, {
      "port": "input25",
      "name": "cv2resultfirstindex"
    }, {
      "port": "input26",
      "name": "respcodefirstindex"
    }, {
      "port": "input27",
      "name": "channelfirstindex"
    }, {
      "port": "input28",
      "name": "authorizationtypeidfirstindex"
    }, {
      "port": "input29",
      "name": "categorycodegroupfirstindex"
    }, {
      "port": "input30",
      "name": "avsthereindex"
    }, {
      "port": "input31",
      "name": "cv2thereindex"
    }, {
      "port": "input32",
      "name": "cv2changeindex"
    }, {
      "port": "input33",
      "name": "avstherechangeindex"
    }, {
      "port": "input34",
      "name": "processoridchangeindex"
    }, {
      "port": "input35",
      "name": "categorycodegroupchangeindex"
    }, {
      "port": "input36",
      "name": "channelsubtypechangeindex"
    }, {
      "port": "input37",
      "name": "channelchangeindex"
    }, {
      "port": "input38",
      "name": "retryoptimizationindex"
    }, {
      "port": "input39",
      "name": "merchantcountrycodeindex"
    }, {
      "port": "input40",
      "name": "bininfocardschemaidindex"
    }, {
      "port": "input41",
      "name": "bininfoservicetypeidindex"
    }, {
      "port": "input42",
      "name": "bininfoissuercodeindex"
    }, {
      "port": "input43",
      "name": "bininfocountrycodeindex"
    }, {
      "port": "input44",
      "name": "bininfoproductcodeindex"
    }, {
      "port": "input45",
      "name": "bininfoproductsubcodeindex"
    }, {
      "port": "input46",
      "name": "bininfobrandcodeindex"
    }],
    "outputs": [{
      "port": "output",
      "name": "features"
    }]
  }
}