{
  "op": "pipeline",
  "attributes": {
    "nodes": {
      "string": ["strIdx_27c78b2e8a2a", "strIdx_aac8c3a74114", "strIdx_96f87190ed85", "strIdx_0e15abbd80a8", "strIdx_0df5334230a9", "strIdx_12a0eac556d5", "strIdx_4808b0a52f00", "strIdx_14f13d0abb8f", "strIdx_908c29e9fa35", "strIdx_6855377e5795", "strIdx_19357a2d06ff", "strIdx_ea58c21e8cf9", "strIdx_39b60d597159", "strIdx_557fac082b8f", "strIdx_0a1d9cf74dd8", "strIdx_c1f3827b9825", "strIdx_325f8d331971", "strIdx_eb0bba0fa8be", "strIdx_789cad12af8d", "strIdx_c9919bc50a5a", "strIdx_5924f265210b", "strIdx_355506375c8a", "strIdx_925ab443c9ca", "strIdx_41c137d69f49", "strIdx_6dfe9581d48d", "strIdx_f96866a62d36", "strIdx_99f8a0821b44", "strIdx_85a43ef40f4d", "strIdx_93c0065cd040", "strIdx_e98929393766", "strIdx_9293d99e796d", "strIdx_82538dd9f881", "strIdx_f015114cfd45", "strIdx_df123f695439", "strIdx_8e6f49246a85", "strIdx_3f376bcc3947", "strIdx_7cbc4da3fa52", "strIdx_c4efed0ed264", "strIdx_15ef67dba5b3", "strIdx_dd6e87c9cb7c", "strIdx_2fc1e383029a", "strIdx_5cf369a1b3e2", "idxToStr_d332bda0a327", "idxToStr_8731cfcb0c12", "idxToStr_43db37850260", "idxToStr_d3441cc6a2aa", "idxToStr_0c24b96df88b", "idxToStr_f7a80cbc90e8", "idxToStr_473d57dcf74d", "idxToStr_055f0506fee6", "idxToStr_b3aad53d53c7", "idxToStr_e27c5a8bfbb7", "idxToStr_1407c32ba351", "idxToStr_45b1715f2267", "idxToStr_4d82edc23ce2", "idxToStr_63b224909057", "idxToStr_eb6d4abd55bd", "idxToStr_fc8aeac7b114", "idxToStr_62d66bdebe89", "idxToStr_9e544d63b5a4", "idxToStr_1be0cc29d1cc", "idxToStr_886c63b21f8f", "idxToStr_1e4a42c4a35e", "idxToStr_21c73d45f54e", "idxToStr_1b156a093a08", "idxToStr_9ac3156848b0", "idxToStr_e92e8e73c731", "idxToStr_c4750d770959", "idxToStr_72a8f0c5d283", "idxToStr_7d4f8da02b76", "idxToStr_f7d5689db9cc", "idxToStr_fe6addafddad", "idxToStr_cfa82410b235", "idxToStr_909302993698", "idxToStr_212ea637eb9a", "idxToStr_5ce5494f9cc6", "idxToStr_2da44b50026b", "idxToStr_863a7c7a053e", "idxToStr_f380bef3aee1", "idxToStr_f9f3e7626b34", "idxToStr_f5a35de7dbe1", "idxToStr_3b98a9de8a4b", "idxToStr_f47923a62459", "idxToStr_6c43eeacd425", "binarizer_0c4bd46140be", "vecAssembler_2994c05997f9", "gbtc_b276f67ea481"],
      "type": "list"
    }
  }
}