{"type":"internal","split":{"numCategories":22,"isLeft":true,"featureIndex":14,"categories":[0.0,2.0,3.0,4.0,6.0,14.0,15.0,18.0],"type":"categorical"}}
{"type":"internal","split":{"type":"continuous","featureIndex":2,"threshold":26.5}}
{"type":"internal","split":{"numCategories":16,"isLeft":true,"featureIndex":45,"categories":[0.0,5.0,8.0,9.0,13.0],"type":"categorical"}}
{"type":"leaf","values":[-0.2132279978924516]}
{"type":"leaf","values":[0.9731155733209864]}
{"type":"internal","split":{"numCategories":22,"isLeft":true,"featureIndex":44,"categories":[0.0,1.0,3.0,10.0,12.0],"type":"categorical"}}
{"type":"leaf","values":[-0.8022694594074579]}
{"type":"leaf","values":[0.32163071086479]}
{"type":"internal","split":{"numCategories":21,"isLeft":true,"featureIndex":43,"categories":[0.0,1.0,5.0,9.0,10.0,11.0,12.0,13.0,17.0],"type":"categorical"}}
{"type":"internal","split":{"numCategories":16,"isLeft":true,"featureIndex":45,"categories":[0.0,2.0,4.0,6.0],"type":"categorical"}}
{"type":"leaf","values":[0.7056737194104498]}
{"type":"leaf","values":[3.328073540535698]}
{"type":"leaf","values":[3.5231883119115306]}
